{"sane": true, "normalizes": true, "log_prob": -914.96630859375, "avg_log_prob": -1.8299326171875, "perplexity": 6.233466615860848}